As Of,NAV per Share
2024-05-16,78.91
2024-05-15,79.10
2024-05-14,78.45
2024-05-13,78.06
2024-05-10,77.86
2024-05-09,78.10
2024-05-08,77.90
2024-05-07,78.06
2024-05-06,78.18
2024-05-03,77.58
2024-05-02,77.02
2024-05-01,76.53
2024-04-30,76.76
2024-04-29,77.41
2024-04-26,77.18
2024-04-25,76.85
2024-04-24,77.06
2024-04-23,77.05
2024-04-22,76.41
2024-04-19,75.96
2024-04-18,76.29
2024-04-17,76.37
2024-04-16,76.57
2024-04-15,76.81
2024-04-12,77.64
2024-04-11,78.50
2024-04-10,78.41
2024-04-09,78.84
2024-04-08,78.65
2024-04-05,78.43
2024-04-04,78.33
2024-04-03,78.69
2024-04-02,78.57
2024-04-01,79.22
2024-03-31,79.52
2024-03-29,79.52
2024-03-28,79.52
2024-03-27,79.73
2024-03-26,79.27
2024-03-25,79.18
2024-03-22,78.87
2024-03-21,79.06
2024-03-20,78.65
2024-03-19,78.03
2024-03-18,78.05
2024-03-15,78.26
2024-03-14,78.47
2024-03-13,79.06
2024-03-12,78.95
2024-03-11,78.79
2024-03-08,78.75
2024-03-07,78.64
2024-03-06,78.20
2024-03-05,77.87
2024-03-04,78.58
2024-03-01,78.40
2024-02-29,78.19
2024-02-28,77.97
2024-02-27,77.92
2024-02-26,77.38
2024-02-23,77.07
2024-02-22,77.06
2024-02-21,76.84
2024-02-20,77.80
2024-02-16,78.17
2024-02-15,78.48
2024-02-14,78.25
2024-02-13,77.69
2024-02-12,78.54
2024-02-09,78.38
2024-02-08,78.04
2024-02-07,77.63
2024-02-06,77.46
2024-02-05,77.16
2024-02-02,77.49
2024-02-01,77.54
2024-01-31,77.35
2024-01-30,77.83
2024-01-29,78.03
2024-01-26,77.50
2024-01-25,77.52
2024-01-24,77.50
2024-01-23,77.74
2024-01-22,77.67
2024-01-19,77.28
2024-01-18,77.03
2024-01-17,76.90
2024-01-16,77.25
2024-01-12,77.33
2024-01-11,77.53
2024-01-10,77.61
2024-01-09,77.43
2024-01-08,77.48
2024-01-05,76.96
2024-01-04,76.88
2024-01-03,77.04
2024-01-02,77.75
2023-12-29,78.44
2023-12-28,78.78
2023-12-27,78.75
2023-12-26,78.49
2023-12-22,78.23
2023-12-21,78.12
2023-12-20,77.48
2023-12-19,78.17
2023-12-18,77.64
2023-12-15,77.60
2023-12-14,77.41
2023-12-13,76.70
2023-12-12,75.83
2023-12-11,75.79
2023-12-08,75.57
2023-12-07,75.45
2023-12-06,75.09
2023-12-05,75.12
2023-12-04,75.31
2023-12-01,75.19
2023-11-30,74.60
2023-11-29,74.46
2023-11-28,74.12
2023-11-27,73.96
2023-11-24,73.92
2023-11-22,73.75
2023-11-21,73.65
2023-11-20,73.92
2023-11-17,73.57
2023-11-16,73.31
2023-11-15,73.60
2023-11-14,73.29
2023-11-13,72.21
2023-11-10,72.11
2023-11-09,71.82
2023-11-08,72.28
2023-11-07,72.36
2023-11-06,72.10
2023-11-03,72.60
2023-11-02,71.81
2023-11-01,71.12
2023-10-31,71.10
2023-10-30,70.99
2023-10-27,71.10
2023-10-26,71.39
2023-10-25,71.61
2023-10-24,72.26
2023-10-23,71.92
2023-10-20,72.07
2023-10-19,72.53
2023-10-18,73.04
2023-10-17,73.61
2023-10-16,73.41
2023-10-13,73.08
2023-10-12,73.37
2023-10-11,73.82
2023-10-10,73.74
2023-10-09,73.33
2023-10-06,73.32
2023-10-05,72.89
2023-10-04,73.18
2023-10-03,73.10
2023-10-02,73.86
2023-09-29,74.20
2023-09-28,74.24
2023-09-27,73.94
2023-09-26,73.71
2023-09-25,74.00
2023-09-22,74.02
2023-09-21,74.12
2023-09-20,74.78
2023-09-19,75.02
2023-09-18,75.17
2023-09-15,75.40
2023-09-14,75.72
2023-09-13,75.43
2023-09-12,75.57
2023-09-11,75.63
2023-09-08,75.49
2023-09-07,75.54
2023-09-06,75.87
2023-09-05,75.99
2023-09-01,76.21
2023-08-31,76.07
2023-08-30,75.96
2023-08-29,75.73
2023-08-28,75.06
2023-08-25,74.95
2023-08-24,74.72
2023-08-23,75.20
2023-08-22,74.93
2023-08-21,75.02
2023-08-18,74.74
2023-08-17,74.86
2023-08-16,75.44
2023-08-15,75.82
2023-08-14,76.28
2023-08-11,76.02
2023-08-10,76.10
2023-08-09,76.14
2023-08-08,76.37
2023-08-07,76.68
2023-08-04,76.57
2023-08-03,76.83
2023-08-02,76.81
2023-08-01,77.72
2023-07-31,78.17
2023-07-28,77.79
2023-07-27,77.29
2023-07-26,77.54
2023-07-25,77.37
2023-07-24,77.33
2023-07-21,77.39
2023-07-20,77.40
2023-07-19,77.84
2023-07-18,77.82
2023-07-17,77.49
2023-07-14,77.09
2023-07-13,77.42
2023-07-12,76.92
2023-07-11,76.82
2023-07-10,76.47
2023-07-07,75.94
2023-07-06,75.67
2023-07-05,76.28
2023-07-03,76.27
2023-06-30,76.12
2023-06-29,75.67
2023-06-28,75.47
2023-06-27,75.19
2023-06-26,74.59
2023-06-23,74.64
2023-06-22,75.12
2023-06-21,75.05
2023-06-20,75.28
2023-06-16,75.37
2023-06-15,75.43
2023-06-14,75.05
2023-06-13,75.06
2023-06-12,74.60
2023-06-09,74.15
2023-06-08,74.26
2023-06-07,74.04
2023-06-06,74.04
2023-06-05,73.63
2023-06-02,73.46
2023-06-01,72.73
2023-05-31,72.35
2023-05-30,72.42
2023-05-26,72.42
2023-05-25,72.12
2023-05-24,72.16
2023-05-23,72.24
2023-05-22,72.59
2023-05-19,72.25
2023-05-18,72.40
2023-05-17,72.22
2023-05-16,71.79
2023-05-15,72.16
2023-05-12,71.83
2023-05-11,71.91
2023-05-10,72.03
2023-05-09,71.68
2023-05-08,71.78
2023-05-05,71.49
2023-05-04,70.80
2023-05-03,70.87
2023-05-02,70.93
2023-05-01,71.44
2023-04-28,71.47
2023-04-27,71.31
2023-04-26,71.20
2023-04-25,71.37
2023-04-24,72.12
2023-04-21,72.20
2023-04-20,72.19
2023-04-19,72.51
2023-04-18,72.71
2023-04-17,72.70
2023-04-14,72.43
2023-04-13,72.63
2023-04-12,72.28
2023-04-11,72.35
2023-04-10,72.15
2023-04-06,71.92
2023-04-05,71.91
2023-04-04,72.26
2023-04-03,72.49
2023-03-31,72.73
2023-03-30,72.15
2023-03-29,71.81
2023-03-28,71.35
2023-03-27,71.31
2023-03-24,71.15
2023-03-23,71.28
2023-03-22,71.16
2023-03-21,71.69
2023-03-20,70.98
2023-03-17,70.80
2023-03-16,71.32
2023-03-15,70.93
2023-03-14,71.56
2023-03-13,71.24
2023-03-10,71.50
2023-03-09,72.31
2023-03-08,73.05
2023-03-07,73.14
2023-03-06,73.39
2023-03-03,73.55
2023-03-02,73.02
2023-03-01,72.83
2023-02-28,72.79
2023-02-27,72.77
2023-02-24,72.69
2023-02-23,73.21
2023-02-22,73.20
2023-02-21,72.97
2023-02-17,73.80
2023-02-16,74.23
2023-02-15,74.79
2023-02-14,74.34
2023-02-13,74.12
2023-02-10,73.83
2023-02-09,74.17
2023-02-08,74.51
2023-02-07,74.68
2023-02-06,74.30
2023-02-03,74.76
2023-02-02,75.33
2023-02-01,74.31
2023-01-31,73.78
2023-01-30,73.36
2023-01-27,73.86
2023-01-26,73.47
2023-01-25,73.09
2023-01-24,73.20
2023-01-23,73.36
2023-01-20,72.69
2023-01-19,72.04
2023-01-18,72.41
2023-01-17,72.67
2023-01-13,72.34
2023-01-12,72.03
2023-01-11,71.47
2023-01-10,70.99
2023-01-09,70.54
2023-01-06,70.16
2023-01-05,69.77
2023-01-04,69.88
2023-01-03,69.33
2022-12-30,69.37
2022-12-29,69.33
2022-12-28,68.79
2022-12-27,69.24
2022-12-23,69.55
2022-12-22,69.62
2022-12-21,70.08
2022-12-20,69.63
2022-12-19,69.59
2022-12-16,70.03
2022-12-15,70.36
2022-12-14,71.45
2022-12-13,71.43
2022-12-12,71.07
2022-12-09,70.62
2022-12-08,70.93
2022-12-07,70.65
2022-12-06,70.80
2022-12-05,71.41
2022-12-02,72.04
2022-12-01,71.98
2022-11-30,71.57
2022-11-29,70.78
2022-11-28,70.68
2022-11-25,71.08
2022-11-23,71.06
2022-11-22,70.74
2022-11-21,70.51
2022-11-18,70.76
2022-11-17,70.72
2022-11-16,71.16
2022-11-15,71.76
2022-11-14,71.00
2022-11-11,71.23
2022-11-10,70.53
2022-11-09,68.83
2022-11-08,69.84
2022-11-07,69.68
2022-11-04,69.57
2022-11-03,69.53
2022-11-02,69.79
2022-11-01,70.65
2022-10-31,70.75
2022-10-28,70.74
2022-10-27,70.33
2022-10-26,70.38
2022-10-25,70.33
2022-10-24,69.57
2022-10-21,69.63
2022-10-20,69.35
2022-10-19,69.49
2022-10-18,70.00
2022-10-17,69.39
2022-10-14,68.67
2022-10-13,69.31
2022-10-12,69.20
2022-10-11,69.36
2022-10-10,69.81
2022-10-07,70.45
2022-10-06,71.15
2022-10-05,71.27
2022-10-04,71.23
2022-10-03,69.75
2022-09-30,69.20
2022-09-29,69.55
2022-09-28,70.11
2022-09-27,69.50
2022-09-26,69.28
2022-09-23,69.79
2022-09-22,70.75
2022-09-21,71.69
2022-09-20,72.25
2022-09-19,72.81
2022-09-16,72.78
2022-09-15,73.50
2022-09-14,73.76
2022-09-13,73.61
2022-09-12,74.79
2022-09-09,74.30
2022-09-08,73.45
2022-09-07,72.97
2022-09-06,72.24
2022-09-02,72.52
2022-09-01,72.75
2022-08-31,73.48
2022-08-30,73.60
2022-08-29,73.82
2022-08-26,74.23
2022-08-25,75.13
2022-08-24,74.57
2022-08-23,74.17
2022-08-22,73.94
2022-08-19,74.69
2022-08-18,75.44
2022-08-17,75.24
2022-08-16,75.93
2022-08-15,76.08
2022-08-12,75.92
2022-08-11,75.26
2022-08-10,75.19
2022-08-09,73.98
2022-08-08,74.64
2022-08-05,74.23
2022-08-04,73.97
2022-08-03,73.73
2022-08-02,72.92
2022-08-01,72.60
2022-07-29,72.65
2022-07-28,72.31
2022-07-27,71.83
2022-07-26,70.97
2022-07-25,71.66
2022-07-22,71.73
2022-07-21,72.29
2022-07-20,71.81
2022-07-19,71.03
2022-07-18,70.17
2022-07-15,69.98
2022-07-14,69.50
2022-07-13,69.87
2022-07-12,69.85
2022-07-11,70.19
2022-07-08,70.91
2022-07-07,70.79
2022-07-06,70.00
2022-07-05,70.22
2022-07-01,69.72
2022-06-30,69.53
2022-06-29,70.07
2022-06-28,70.50
2022-06-27,71.17
2022-06-24,71.20
2022-06-23,70.01
2022-06-22,69.34
2022-06-21,69.36
2022-06-17,68.65
2022-06-16,68.49
2022-06-15,70.03
2022-06-14,69.56
2022-06-13,70.19
2022-06-10,72.16
2022-06-09,73.30
2022-06-08,74.25
2022-06-07,74.43
2022-06-06,73.89
2022-06-03,73.67
2022-06-02,74.17
2022-06-01,73.13
2022-05-31,73.51
2022-05-27,73.70
2022-05-26,72.58
2022-05-25,71.56
2022-05-24,70.92
2022-05-23,72.20
2022-05-20,71.95
2022-05-19,71.77
2022-05-18,71.54
2022-05-17,72.63
2022-05-16,71.69
2022-05-13,72.14
2022-05-12,70.51
2022-05-11,70.59
2022-05-10,71.81
2022-05-09,72.21
2022-05-06,74.76
2022-05-05,76.22
2022-05-04,77.97
2022-05-03,77.45
2022-05-02,77.68
2022-04-29,77.40
2022-04-28,78.42
2022-04-27,77.87
2022-04-26,78.12
2022-04-25,79.46
2022-04-22,78.95
2022-04-21,80.07
2022-04-20,81.48
2022-04-19,82.05
2022-04-18,81.30
2022-04-14,81.85
2022-04-13,82.32
2022-04-12,81.23
2022-04-11,81.40
2022-04-08,81.50
2022-04-07,81.97
2022-04-06,82.20
2022-04-05,83.35
2022-04-04,84.38
2022-04-01,83.55
2022-03-31,83.30
2022-03-30,83.73
2022-03-29,84.27
2022-03-28,83.20
2022-03-25,82.80
2022-03-24,83.22
2022-03-23,82.54
2022-03-22,83.00
2022-03-21,82.04
2022-03-18,82.33
2022-03-17,81.13
2022-03-16,80.24
2022-03-15,78.28
2022-03-14,77.78
2022-03-11,79.14
2022-03-10,80.31
2022-03-09,80.61
2022-03-08,79.15
2022-03-07,79.07
2022-03-04,80.85
2022-03-03,81.99
2022-03-02,83.08
2022-03-01,82.60
2022-02-28,83.27
2022-02-25,82.66
2022-02-24,81.75
2022-02-23,80.24
2022-02-22,81.25
2022-02-18,81.97
2022-02-17,83.00
2022-02-16,84.44
2022-02-15,84.73
2022-02-14,83.32
2022-02-11,83.71
2022-02-10,84.77
2022-02-09,85.18
2022-02-08,83.76
2022-02-07,83.03
2022-02-04,82.79
2022-02-03,81.76
2022-02-02,83.10
2022-02-01,83.72
2022-01-31,83.03
2022-01-28,81.08
2022-01-27,80.26
2022-01-26,80.93
2022-01-25,81.30
2022-01-24,82.37
2022-01-21,82.20
2022-01-20,83.70
2022-01-19,84.01
2022-01-18,84.51
2022-01-14,85.67
2022-01-13,85.80
2022-01-12,87.09
2022-01-11,87.14
2022-01-10,86.15
2022-01-07,86.30
2022-01-06,86.64
2022-01-05,86.56
2022-01-04,88.53
2022-01-03,89.44
2021-12-31,89.28
2021-12-30,89.52
2021-12-29,89.05
2021-12-28,89.17
2021-12-27,89.77
2021-12-23,89.67
2021-12-22,89.31
2021-12-21,88.93
2021-12-20,87.09
2021-12-17,87.88
2021-12-16,87.07
2021-12-15,88.65
2021-12-14,87.98
2021-12-13,88.82
2021-12-10,89.65
2021-12-09,90.15
2021-12-08,91.41
2021-12-07,90.42
2021-12-06,88.63
2021-12-03,88.31
2021-12-02,89.81
2021-12-01,89.29
2021-11-30,97.28
2021-11-29,98.46
2021-11-26,98.33
2021-11-24,99.68
2021-11-23,99.11
2021-11-22,99.73
2021-11-19,101.09
2021-11-18,101.61
2021-11-17,102.51
2021-11-16,103.59
2021-11-15,103.35
2021-11-12,103.55
2021-11-11,102.99
2021-11-10,102.75
2021-11-09,104.18
2021-11-08,104.26
2021-11-05,103.83
2021-11-04,103.19
2021-11-03,103.12
2021-11-02,102.89
2021-11-01,103.40
2021-10-29,102.27
2021-10-28,102.27
2021-10-27,101.18
2021-10-26,102.10
2021-10-25,102.65
2021-10-22,102.33
2021-10-21,103.22
2021-10-20,102.77
2021-10-19,102.72
2021-10-18,102.24
2021-10-15,102.08
2021-10-14,101.92
2021-10-13,101.26
2021-10-12,100.47
2021-10-11,99.64
2021-10-08,100.16
2021-10-07,100.81
2021-10-06,99.73
2021-10-05,99.54
2021-10-04,98.96
2021-10-01,100.54
2021-09-30,99.72
2021-09-29,99.71
2021-09-28,100.40
2021-09-27,102.33
2021-09-24,102.51
2021-09-23,102.61
2021-09-22,101.73
2021-09-21,100.76
2021-09-20,100.59
2021-09-17,101.93
2021-09-16,101.76
2021-09-15,101.48
2021-09-14,101.05
2021-09-13,101.33
2021-09-10,101.37
2021-09-09,101.93
2021-09-08,102.05
2021-09-07,103.00
2021-09-03,103.09
2021-09-02,102.63
2021-09-01,102.25
2021-08-31,101.77
2021-08-30,101.69
2021-08-27,101.63
2021-08-26,100.48
2021-08-25,100.98
2021-08-24,100.37
2021-08-23,99.14
2021-08-20,98.01
2021-08-19,97.29
2021-08-18,97.77
2021-08-17,98.00
2021-08-16,98.58
2021-08-13,99.56
2021-08-12,100.04
2021-08-11,100.10
2021-08-10,100.08
2021-08-09,100.46
2021-08-06,100.25
2021-08-05,100.84
2021-08-04,99.92
2021-08-03,99.92
2021-08-02,100.02
2021-07-30,99.84
2021-07-29,100.33
2021-07-28,100.41
2021-07-27,99.26
2021-07-26,100.37
2021-07-23,100.67
2021-07-22,100.29
2021-07-21,100.44
2021-07-20,99.11
2021-07-19,97.51
2021-07-16,97.88
2021-07-15,98.53
2021-07-14,99.24
2021-07-13,100.37
2021-07-12,100.97
2021-07-09,101.21
2021-07-08,100.15
2021-07-07,101.00
2021-07-06,101.80
2021-07-02,101.76
2021-07-01,101.86
2021-06-30,102.01
2021-06-29,102.56
2021-06-28,102.55
2021-06-25,102.36
2021-06-24,102.24
2021-06-23,101.38
2021-06-22,100.76
2021-06-21,100.48
2021-06-18,100.23
2021-06-17,100.41
2021-06-16,99.67
2021-06-15,99.60
2021-06-14,100.48
2021-06-11,100.11
2021-06-10,99.57
2021-06-09,98.88
2021-06-08,99.15
2021-06-07,98.73
2021-06-04,98.18
2021-06-03,97.53
2021-06-02,98.82
2021-06-01,98.73
2021-05-28,98.72
2021-05-27,98.62
2021-05-26,97.99
2021-05-25,96.99
2021-05-24,96.95
2021-05-21,95.94
2021-05-20,96.01
2021-05-19,94.69
2021-05-18,95.00
2021-05-17,94.79
2021-05-14,94.89
2021-05-13,92.85
2021-05-12,93.61
2021-05-11,95.78
2021-05-10,95.57
2021-05-07,97.46
2021-05-06,96.52
2021-05-05,97.63
2021-05-04,98.20
2021-05-03,99.77
2021-04-30,100.71
2021-04-29,101.44
2021-04-28,102.51
2021-04-27,102.66
2021-04-26,102.77
2021-04-23,101.53
2021-04-22,100.05
2021-04-21,100.05
2021-04-20,98.76
2021-04-19,100.11
2021-04-16,101.10
2021-04-15,101.55
2021-04-14,100.83
2021-04-13,101.53
2021-04-12,100.62
2021-04-09,100.85
2021-04-08,101.09
2021-04-07,99.98
2021-04-06,100.74
2021-04-05,99.75
2021-04-01,99.56
2021-03-31,98.02
2021-03-30,96.47
2021-03-29,95.61
2021-03-26,96.99
2021-03-25,96.11
2021-03-24,95.95
2021-03-23,98.62
2021-03-22,100.17
2021-03-19,99.87
2021-03-18,99.12
2021-03-17,102.12
2021-03-16,102.03
2021-03-15,103.14
2021-03-12,102.30
2021-03-11,102.53
2021-03-10,99.64
2021-03-09,99.86
2021-03-08,96.48
2021-03-05,98.63
2021-03-04,99.04
2021-03-03,101.96
2021-03-02,104.43
2021-03-01,106.11
2021-02-26,103.43
2021-02-25,102.93
2021-02-24,106.36
2021-02-23,105.64
2021-02-22,106.22
2021-02-19,109.37
2021-02-18,108.03
2021-02-17,108.70
2021-02-16,109.47
2021-02-12,109.89
2021-02-11,109.13
2021-02-10,108.35
2021-02-09,108.27
2021-02-08,108.02
2021-02-05,106.67
2021-02-04,105.45
2021-02-03,104.14
2021-02-02,103.92
2021-02-01,101.74
2021-01-29,99.69
2021-01-28,101.16
2021-01-27,99.89
2021-01-26,102.31
2021-01-25,103.48
2021-01-22,103.54
2021-01-21,103.09
2021-01-20,103.25
2021-01-19,102.63
2021-01-15,101.37
2021-01-14,102.74
2021-01-13,102.24
2021-01-12,102.29
2021-01-11,100.66
2021-01-08,101.62
2021-01-07,100.16
2021-01-06,97.47
2021-01-05,97.44
2021-01-04,96.24
2020-12-31,96.43
2020-12-30,96.39
2020-12-29,95.19
2020-12-28,95.18
2020-12-24,96.30
2020-12-23,96.18
2020-12-22,96.50
2020-12-21,95.99
2020-12-18,95.89
2020-12-17,95.41
2020-12-16,94.07
2020-12-15,93.91
2020-12-14,93.31
2020-12-11,92.75
2020-12-10,93.14
2020-12-09,91.67
2020-12-08,93.43
2020-12-07,92.51
2020-12-04,91.58
2020-12-03,90.69
2020-12-02,89.92
2020-12-01,89.71
2020-11-30,92.50
2020-11-27,93.10
2020-11-25,92.07
2020-11-24,91.38
2020-11-23,90.85
2020-11-20,89.49
2020-11-19,88.99
2020-11-18,87.27
2020-11-17,87.14
2020-11-16,86.41
2020-11-13,86.05
2020-11-12,85.72
2020-11-11,85.52
2020-11-10,84.18
2020-11-09,85.47
2020-11-06,86.54
2020-11-05,86.15
2020-11-04,84.10
2020-11-03,82.25
2020-11-02,80.87
2020-10-30,80.71
2020-10-29,82.34
2020-10-28,81.94
2020-10-27,83.62
2020-10-26,83.29
2020-10-23,84.23
2020-10-22,83.85
2020-10-21,83.46
2020-10-20,83.83
2020-10-19,84.04
2020-10-16,84.29
2020-10-15,84.59
2020-10-14,84.82
2020-10-13,84.91
2020-10-12,84.55
2020-10-09,84.18
2020-10-08,83.42
2020-10-07,83.20
2020-10-06,81.89
2020-10-05,82.32
2020-10-02,81.30
2020-10-01,82.49
2020-09-30,80.99
2020-09-29,80.68
2020-09-28,80.79
2020-09-25,79.83
2020-09-24,78.37
2020-09-23,78.39
2020-09-22,80.32
2020-09-21,80.28
2020-09-18,80.20
2020-09-17,80.15
2020-09-16,80.62
2020-09-15,80.76
2020-09-14,79.79
2020-09-11,77.85
2020-09-10,78.13
2020-09-09,78.38
2020-09-08,76.94
2020-09-04,79.92
2020-09-03,80.57
2020-09-02,83.54
2020-09-01,84.07
2020-08-31,83.55
2020-08-28,82.33
2020-08-27,82.04
2020-08-26,81.89
2020-08-25,80.64
2020-08-24,80.18
2020-08-21,80.21
2020-08-20,80.21
2020-08-19,79.58
2020-08-18,79.70
2020-08-17,79.06
2020-08-14,77.59
2020-08-13,77.62
2020-08-12,76.90
2020-08-11,75.76
2020-08-10,76.41
2020-08-07,76.88
2020-08-06,77.57
2020-08-05,77.70
2020-08-04,77.21
2020-08-03,76.82
2020-07-31,75.76
2020-07-30,75.85
2020-07-29,75.49
2020-07-28,74.39
2020-07-27,74.80
2020-07-24,73.72
2020-07-23,74.47
2020-07-22,75.56
2020-07-21,75.43
2020-07-20,75.77
2020-07-17,74.01
2020-07-16,73.75
2020-07-15,74.59
2020-07-14,73.51
2020-07-13,73.14
2020-07-10,74.81
2020-07-09,74.10
2020-07-08,73.83
2020-07-07,72.85
2020-07-06,73.00
2020-07-02,72.05
2020-07-01,70.64
2020-06-30,70.41
2020-06-29,69.65
2020-06-26,69.12
2020-06-25,69.72
2020-06-24,69.11
2020-06-23,70.59
2020-06-22,70.41
2020-06-19,70.02
2020-06-18,69.85
2020-06-17,69.68
2020-06-16,69.34
2020-06-15,68.51
2020-06-12,67.46
2020-06-11,66.62
2020-06-10,69.06
2020-06-09,68.93
2020-06-08,69.63
2020-06-05,68.36
2020-06-04,67.29
2020-06-03,67.68
2020-06-02,66.95
2020-06-01,66.40
2020-05-29,65.76
2020-05-28,64.89
2020-05-27,65.06
2020-05-26,64.86
2020-05-22,64.54
2020-05-21,64.07
2020-05-20,64.11
2020-05-19,63.37
2020-05-18,63.39
2020-05-15,62.46
2020-05-14,62.16
2020-05-13,62.00
2020-05-12,62.71
2020-05-11,63.51
2020-05-08,63.29
2020-05-07,62.31
2020-05-06,61.46
2020-05-05,60.88
2020-05-04,60.05
2020-05-01,59.54
2020-04-30,60.97
2020-04-29,61.51
2020-04-28,60.26
2020-04-27,60.83
2020-04-24,59.89
2020-04-23,59.18
2020-04-22,59.19
2020-04-21,58.18
2020-04-20,59.47
2020-04-17,59.37
2020-04-16,58.59
2020-04-15,58.17
2020-04-14,58.40
2020-04-13,57.08
2020-04-09,56.88
2020-04-08,55.72
2020-04-07,54.71
2020-04-06,54.60
2020-04-03,52.74
2020-04-02,53.32
2020-04-01,53.40
2020-03-31,54.83
2020-03-30,54.94
2020-03-27,54.55
2020-03-26,55.09
2020-03-25,53.78
2020-03-24,53.18
2020-03-23,51.04
2020-03-20,50.90
2020-03-19,51.30
2020-03-18,50.75
2020-03-17,52.85
2020-03-16,52.28
2020-03-13,56.16
2020-03-12,55.06
2020-03-11,58.31
2020-03-10,60.13
2020-03-09,59.26
2020-03-06,62.33
2020-03-05,63.34
2020-03-04,64.26
2020-03-03,63.26
2020-03-02,63.99
2020-02-28,63.09
2020-02-27,63.14
2020-02-26,64.58
2020-02-25,65.00
2020-02-24,66.12
2020-02-21,67.73
2020-02-20,68.50
2020-02-19,68.53
2020-02-18,67.93
2020-02-14,67.59
2020-02-13,67.37
2020-02-12,67.04
2020-02-11,66.74
2020-02-10,66.47
2020-02-07,65.95
2020-02-06,66.16
2020-02-05,65.89
2020-02-04,66.55
2020-02-03,65.16
2020-01-31,64.29
2020-01-30,64.90
2020-01-29,64.52
2020-01-28,64.60
2020-01-27,64.13
2020-01-24,64.83
2020-01-23,65.21
2020-01-22,65.22
2020-01-21,64.98
2020-01-17,64.95
2020-01-16,64.97
2020-01-15,64.70
2020-01-14,64.73
2020-01-13,64.64
2020-01-10,64.10
2020-01-09,64.23
2020-01-08,63.90
2020-01-07,63.67
2020-01-06,63.18
2020-01-03,62.97
2020-01-02,63.05
2019-12-31,62.37
2019-12-30,62.23
2019-12-27,62.53
2019-12-26,62.61
2019-12-24,62.39
2019-12-23,62.33
2019-12-20,62.11
2019-12-19,61.87
2019-12-18,61.81
2019-12-17,61.65
2019-12-16,61.69
2019-12-13,61.21
2019-12-12,61.05
2019-12-11,60.81
2019-12-10,60.82
2019-12-09,60.82
2019-12-06,61.00
2019-12-05,60.69
2019-12-04,60.68
2019-12-03,60.48
2019-12-02,60.65
2019-11-29,61.07
2019-11-27,61.23
2019-11-26,61.01
2019-11-25,60.96
2019-11-22,60.32
2019-11-21,60.23
2019-11-20,60.38
2019-11-19,60.46
2019-11-18,60.35
2019-11-15,60.32
2019-11-14,59.94
2019-11-13,60.00
2019-11-12,60.02
2019-11-11,59.99
2019-11-08,59.90
2019-11-07,59.61
2019-11-06,59.35
2019-11-05,59.56
2019-11-04,59.64
2019-11-01,59.42
2019-10-31,59.07
2019-10-30,59.30
2019-10-29,59.18
2019-10-28,59.40
2019-10-25,59.05
2019-10-24,58.72
2019-10-23,58.22
2019-10-22,58.33
2019-10-21,58.62
2019-10-18,58.33
2019-10-17,58.82
2019-10-16,58.66
2019-10-15,59.00
2019-10-14,58.66
2019-10-11,58.57
2019-10-10,57.96
2019-10-09,57.83
2019-10-08,57.47
2019-10-07,58.18
2019-10-04,58.20
2019-10-03,57.71
2019-10-02,57.25
2019-10-01,57.73
2019-09-30,58.10
2019-09-27,57.98
2019-09-26,58.53
2019-09-25,58.69
2019-09-24,58.56
2019-09-23,59.25
2019-09-20,59.26
2019-09-19,59.44
2019-09-18,59.45
2019-09-17,59.60
2019-09-16,59.46
2019-09-13,59.28
2019-09-12,59.33
2019-09-11,59.25
2019-09-10,58.77
2019-09-09,58.79
2019-09-06,59.06
2019-09-05,59.16
2019-09-04,58.81
2019-09-03,58.53
2019-08-30,58.96
2019-08-29,59.01
2019-08-28,58.61
2019-08-27,58.56
2019-08-26,58.73
2019-08-23,58.42
2019-08-22,59.21
2019-08-21,59.29
2019-08-20,58.91
2019-08-19,59.03
2019-08-16,58.76
2019-08-15,58.26
2019-08-14,58.32
2019-08-13,59.31
2019-08-12,58.92
2019-08-09,59.40
2019-08-08,59.72
2019-08-07,58.84
2019-08-06,58.67
2019-08-05,58.19
2019-08-02,59.39
2019-08-01,59.99
2019-07-31,60.44
2019-07-30,60.90
2019-07-29,60.88
2019-07-26,61.14
2019-07-25,60.75
2019-07-24,61.22
2019-07-23,60.72
2019-07-22,60.57
2019-07-19,60.41
2019-07-18,60.59
2019-07-17,60.49
2019-07-16,60.50
2019-07-15,60.78
2019-07-12,60.67
2019-07-11,60.56
2019-07-10,60.51
2019-07-09,60.35
2019-07-08,59.96
2019-07-05,60.12
2019-07-03,60.09
2019-07-02,59.87
2019-07-01,59.89
2019-06-28,59.52
2019-06-27,59.25
2019-06-26,58.81
2019-06-25,58.59
2019-06-24,59.10
2019-06-21,59.26
2019-06-20,59.48
2019-06-19,59.31
2019-06-18,59.08
2019-06-17,58.50
2019-06-14,58.31
2019-06-13,58.71
2019-06-12,58.53
2019-06-11,58.52
2019-06-10,58.71
2019-06-07,58.27
2019-06-06,57.85
2019-06-05,57.60
2019-06-04,57.41
2019-06-03,56.49
2019-05-31,56.93
2019-05-30,57.22
2019-05-29,57.07
2019-05-28,57.37
2019-05-24,57.40
2019-05-23,57.23
2019-05-22,57.84
2019-05-21,57.92
2019-05-20,57.47
2019-05-17,58.02
2019-05-16,58.49
2019-05-15,58.13
2019-05-14,57.85
2019-05-13,57.30
2019-05-10,58.63
2019-05-09,58.56
2019-05-08,58.64
2019-05-07,58.70
2019-05-06,59.34
2019-05-03,59.64
2019-05-02,59.08
2019-05-01,59.01
2019-04-30,59.42
2019-04-29,59.43
2019-04-26,59.31
2019-04-25,59.10
2019-04-24,59.14
2019-04-23,59.12
2019-04-22,58.67
2019-04-18,58.52
2019-04-17,58.62
2019-04-16,58.99
2019-04-15,58.94
2019-04-12,58.97
2019-04-11,58.88
2019-04-10,58.94
2019-04-09,58.51
2019-04-08,58.73
2019-04-05,58.73
2019-04-04,58.43
2019-04-03,58.69
2019-04-02,58.28
2019-04-01,58.19
2019-03-29,57.77
2019-03-28,57.44
2019-03-27,57.27
2019-03-26,57.80
2019-03-25,57.66
2019-03-22,57.78
2019-03-21,58.82
2019-03-20,58.16
2019-03-19,58.30
2019-03-18,58.09
2019-03-15,58.01
2019-03-14,57.84
2019-03-13,57.87
2019-03-12,57.72
2019-03-11,57.57
2019-03-08,56.96
2019-03-07,56.99
2019-03-06,57.24
2019-03-05,57.80
2019-03-04,57.73
2019-03-01,58.26
2019-02-28,58.09
2019-02-27,58.24
2019-02-26,58.09
2019-02-25,58.21
2019-02-22,57.87
2019-02-21,57.28
2019-02-20,57.52
2019-02-19,57.67
2019-02-15,57.63
2019-02-14,57.35
2019-02-13,57.25
2019-02-12,57.29
2019-02-11,56.79
2019-02-08,56.69
2019-02-07,56.51
2019-02-06,57.00
2019-02-05,56.77
2019-02-04,56.52
2019-02-01,56.27
2019-01-31,56.00
2019-01-30,55.51
2019-01-29,54.85
2019-01-28,55.08
2019-01-25,55.42
2019-01-24,54.86
2019-01-23,54.50
2019-01-22,54.45
2019-01-18,55.05
2019-01-17,54.72
2019-01-16,54.42
2019-01-15,54.46
2019-01-14,54.08
2019-01-11,54.38
2019-01-10,54.26
2019-01-09,54.06
2019-01-08,53.67
2019-01-07,53.30
2019-01-04,52.52
2019-01-03,51.43
2019-01-02,52.04
2018-12-31,52.05
2018-12-28,51.87
2018-12-27,51.73
2018-12-26,51.52
2018-12-24,50.27
2018-12-21,50.76
2018-12-20,51.54
2018-12-19,52.08
2018-12-18,52.81
2018-12-17,53.19
2018-12-14,54.09
2018-12-13,54.57
2018-12-12,54.99
2018-12-11,54.54
2018-12-10,54.41
2018-12-07,54.26
2018-12-06,55.06
2018-12-04,55.07
2018-12-03,56.13
2018-11-30,56.43
2018-11-29,56.22
2018-11-28,56.20
2018-11-27,55.29
2018-11-26,55.39
2018-11-23,54.74
2018-11-21,54.73
2018-11-20,54.25
2018-11-19,54.68
2018-11-16,55.88
2018-11-15,55.86
2018-11-14,55.43
2018-11-13,55.55
2018-11-12,55.55
2018-11-09,56.45
2018-11-08,57.02
2018-11-07,57.26
2018-11-06,56.39
2018-11-05,56.25
2018-11-02,56.53
2018-11-01,56.58
2018-10-31,55.86
2018-10-30,55.11
2018-10-29,54.40
2018-10-26,54.80
2018-10-25,55.31
2018-10-24,54.81
2018-10-23,56.16
2018-10-22,56.35
2018-10-19,56.22
2018-10-18,56.80
2018-10-17,57.41
2018-10-16,57.43
2018-10-15,56.46
2018-10-12,56.44
2018-10-11,55.73
2018-10-10,56.10
2018-10-09,57.25
2018-10-08,57.36
2018-10-05,57.95
2018-10-04,58.37
2018-10-03,59.21
2018-10-02,59.12
2018-10-01,59.43
2018-09-28,59.69
2018-09-27,59.67
2018-09-26,59.50
2018-09-25,59.68
2018-09-24,59.51
2018-09-21,59.37
2018-09-20,59.53
2018-09-19,59.22
2018-09-18,59.33
2018-09-17,59.12
2018-09-14,59.74
2018-09-13,59.45
2018-09-12,59.34
2018-09-11,59.11
2018-09-10,59.10
2018-09-07,58.88
2018-09-06,58.92
2018-09-05,59.17
2018-09-04,59.85
2018-08-31,59.82
2018-08-30,59.71
2018-08-29,59.92
2018-08-28,59.68
2018-08-27,59.62
2018-08-24,59.24
2018-08-23,58.82
2018-08-22,58.75
2018-08-21,58.37
2018-08-20,57.93
2018-08-17,57.83
2018-08-16,57.81
2018-08-15,57.78
2018-08-14,58.34
2018-08-13,58.36
2018-08-10,58.51
2018-08-09,59.03
2018-08-08,58.95
2018-08-07,59.06
2018-08-06,58.64
2018-08-03,58.29
2018-08-02,58.45
2018-08-01,57.91
2018-07-31,57.82
2018-07-30,57.66
2018-07-27,58.32
2018-07-26,58.90
2018-07-25,58.64
2018-07-24,58.31
2018-07-23,58.76
2018-07-20,58.80
2018-07-19,58.90
2018-07-18,58.99
2018-07-17,58.99
2018-07-16,58.67
2018-07-13,58.83
2018-07-12,58.92
2018-07-11,58.42
2018-07-10,58.69
2018-07-09,58.69
2018-07-06,58.44
2018-07-05,57.88
2018-07-03,57.57
2018-07-02,57.76
2018-06-29,57.75
2018-06-28,57.65
2018-06-27,57.44
2018-06-26,58.05
2018-06-25,57.98
2018-06-22,58.98
2018-06-21,59.20
2018-06-20,59.79
2018-06-19,59.40
2018-06-18,59.68
2018-06-15,59.59
2018-06-14,59.58
2018-06-13,59.33
2018-06-12,59.30
2018-06-11,58.99
2018-06-08,58.82
2018-06-07,58.73
2018-06-06,59.10
2018-06-05,58.69
2018-06-04,58.50
2018-06-01,58.30
2018-05-31,57.96
2018-05-30,58.23
2018-05-29,57.81
2018-05-25,57.89
2018-05-24,57.87
2018-05-23,57.70
2018-05-22,57.68
2018-05-21,57.76
2018-05-18,57.71
2018-05-17,57.77
2018-05-16,57.79
2018-05-15,57.49
2018-05-14,57.68
2018-05-11,57.68
2018-05-10,57.73
2018-05-09,57.51
2018-05-08,57.13
2018-05-07,57.11
2018-05-04,56.65
2018-05-03,56.11
2018-05-02,56.10
2018-05-01,56.06
2018-04-30,56.01
2018-04-27,56.19
2018-04-26,56.36
2018-04-25,55.74
2018-04-24,55.94
2018-04-23,56.43
2018-04-20,56.60
2018-04-19,56.85
2018-04-18,57.33
2018-04-17,57.17
2018-04-16,56.55
2018-04-13,56.44
2018-04-12,56.68
2018-04-11,56.31
2018-04-10,56.28
2018-04-09,55.51
2018-04-06,55.37
2018-04-05,56.12
2018-04-04,55.93
2018-04-03,55.51
2018-04-02,55.25
2018-03-29,56.28
2018-03-28,55.81
2018-03-27,56.19
2018-03-26,57.16
2018-03-23,56.38
2018-03-22,57.19
2018-03-21,58.06
2018-03-20,57.90
2018-03-19,57.83
2018-03-16,58.18
2018-03-15,58.09
2018-03-14,58.21
2018-03-13,58.18
2018-03-12,58.52
2018-03-09,58.04
2018-03-08,57.56
2018-03-07,57.60
2018-03-06,57.25
2018-03-05,56.87
2018-03-02,56.37
2018-03-01,55.98
2018-02-28,56.50
2018-02-27,56.67
2018-02-26,56.74
2018-02-23,56.42
2018-02-22,55.88
2018-02-21,56.03
2018-02-20,56.08
2018-02-16,55.99
2018-02-15,55.75
2018-02-14,55.28
2018-02-13,54.62
2018-02-12,54.53
2018-02-09,54.14
2018-02-08,53.97
2018-02-07,55.15
2018-02-06,55.32
2018-02-05,55.11
2018-02-02,56.03
2018-02-01,56.73
2018-01-31,57.00
2018-01-30,56.97
2018-01-29,57.36
2018-01-26,57.63
2018-01-25,56.97
2018-01-24,57.26
2018-01-23,57.49
2018-01-22,57.18
2018-01-19,56.86
2018-01-18,56.74
2018-01-17,56.66
2018-01-16,56.26
2018-01-12,56.40
2018-01-11,56.21
2018-01-10,55.93
2018-01-09,56.05
2018-01-08,56.19
2018-01-05,55.97
2018-01-04,55.79
2018-01-03,55.63
2018-01-02,55.31
2017-12-29,54.91
2017-12-28,54.97
2017-12-27,54.93
2017-12-26,54.91
2017-12-22,55.06
2017-12-21,55.17
2017-12-20,55.43
2017-12-19,55.32
2017-12-18,55.38
2017-12-15,54.92
2017-12-14,54.67
2017-12-13,54.77
2017-12-12,54.60
2017-12-11,54.66
2017-12-08,54.51
2017-12-07,54.37
2017-12-06,54.14
2017-12-05,54.20
2017-12-04,54.28
2017-12-01,54.78
2017-11-30,55.23
2017-11-29,55.06
2017-11-28,55.76
2017-11-27,55.61
2017-11-24,55.91
2017-11-22,55.85
2017-11-21,55.90
2017-11-20,55.58
2017-11-17,55.41
2017-11-16,55.32
2017-11-15,54.91
2017-11-14,55.05
2017-11-13,55.23
2017-11-10,55.13
2017-11-09,55.09
2017-11-08,55.36
2017-11-07,55.16
2017-11-06,55.57
2017-11-03,55.29
2017-11-02,55.14
2017-11-01,55.21
2017-10-31,55.38
2017-10-30,54.98
2017-10-27,54.95
2017-10-26,54.66
2017-10-25,54.61
2017-10-24,54.87
2017-10-23,54.89
2017-10-20,54.98
2017-10-19,54.85
2017-10-18,55.00
2017-10-17,54.83
2017-10-16,54.82
2017-10-13,54.84
2017-10-12,54.83
2017-10-11,54.91
2017-10-10,54.93
2017-10-09,54.93
2017-10-06,55.03
2017-10-05,54.95
2017-10-04,54.84
2017-10-03,54.70
2017-10-02,54.53
2017-09-29,54.36
2017-09-28,54.09
2017-09-27,54.03
2017-09-26,53.62
2017-09-25,53.64
2017-09-22,54.01
2017-09-21,53.99
2017-09-20,54.03
2017-09-19,54.13
2017-09-18,54.21
2017-09-15,53.96
2017-09-14,53.84
2017-09-13,53.82
2017-09-12,53.81
2017-09-11,53.78
2017-09-08,53.34
2017-09-07,53.45
2017-09-06,53.38
2017-09-05,53.37
2017-09-01,53.63
2017-08-31,53.57
2017-08-30,53.29
2017-08-29,52.99
2017-08-28,52.91
2017-08-25,52.82
2017-08-24,52.92
2017-08-23,52.90
2017-08-22,52.87
2017-08-21,52.48
2017-08-18,52.51
2017-08-17,52.46
2017-08-16,53.01
2017-08-15,52.88
2017-08-14,52.93
2017-08-11,52.55
2017-08-10,52.36
2017-08-09,53.11
2017-08-08,53.39
2017-08-07,53.49
2017-08-04,53.27
2017-08-03,53.25
2017-08-02,53.36
2017-08-01,53.59
2017-07-31,53.65
2017-07-28,53.86
2017-07-27,53.88
2017-07-26,54.14
2017-07-25,53.96
2017-07-24,53.90
2017-07-21,53.74
2017-07-20,53.84
2017-07-19,53.75
2017-07-18,53.52
2017-07-17,53.40
2017-07-14,53.43
2017-07-13,53.14
2017-07-12,53.20
2017-07-11,52.85
2017-07-10,52.60
2017-07-07,52.40
2017-07-06,52.07
2017-07-05,52.39
2017-07-03,52.27
2017-06-30,52.37
2017-06-29,52.42
2017-06-28,52.93
2017-06-27,52.67
2017-06-26,53.03
2017-06-23,53.17
2017-06-22,53.16
2017-06-21,52.96
2017-06-20,52.70
2017-06-19,52.98
2017-06-16,52.52
2017-06-15,52.54
2017-06-14,52.78
2017-06-13,52.98
2017-06-12,52.67
2017-06-09,52.82
2017-06-08,53.43
2017-06-07,53.18
2017-06-06,53.08
2017-06-05,53.02
2017-06-02,53.03
2017-06-01,52.85
2017-05-31,52.51
2017-05-30,52.49
2017-05-26,52.51
2017-05-25,52.47
2017-05-24,52.37
2017-05-23,52.23
2017-05-22,52.28
2017-05-19,52.03
2017-05-18,51.76
2017-05-17,51.57
2017-05-16,52.47
2017-05-15,52.29
2017-05-12,52.02
2017-05-11,52.02
2017-05-10,52.09
2017-05-09,51.82
2017-05-08,51.68
2017-05-05,51.81
2017-05-04,51.53
2017-05-03,51.64
2017-05-02,51.75
2017-05-01,51.90
2017-04-28,51.73
2017-04-27,51.91
2017-04-26,51.74
2017-04-25,51.74
2017-04-24,51.44
2017-04-21,51.08
2017-04-20,51.17
2017-04-19,50.92
2017-04-18,50.76
2017-04-17,50.76
2017-04-13,50.58
2017-04-12,50.76
2017-04-11,51.04
2017-04-10,51.09
2017-04-07,51.09
2017-04-06,51.01
2017-04-05,50.89
2017-04-04,51.06
2017-04-03,51.07
2017-03-31,51.21
2017-03-30,51.18
2017-03-29,51.05
2017-03-28,50.92
2017-03-27,50.74
2017-03-24,50.64
2017-03-23,50.49
2017-03-22,50.49
2017-03-21,50.33
2017-03-20,50.96
2017-03-17,50.86
2017-03-16,50.90
2017-03-15,50.90
2017-03-14,50.62
2017-03-13,50.82
2017-03-10,50.67
2017-03-09,50.61
2017-03-08,50.67
2017-03-07,50.74
2017-03-06,50.73
2017-03-03,50.82
2017-03-02,50.77
2017-03-01,51.07
2017-02-28,50.81
2017-02-27,51.07
2017-02-24,50.86
2017-02-23,50.78
2017-02-22,51.08
2017-02-21,51.17
2017-02-17,50.82
2017-02-16,50.80
2017-02-15,51.06
2017-02-14,50.98
2017-02-13,50.93
2017-02-10,50.88
2017-02-09,50.81
2017-02-08,50.77
2017-02-07,50.61
2017-02-06,50.65
2017-02-03,50.62
2017-02-02,50.37
2017-02-01,50.23
2017-01-31,50.05
2017-01-30,50.10
2017-01-27,50.34
2017-01-26,50.16
2017-01-25,50.34
2017-01-24,50.09
2017-01-23,49.68
2017-01-20,49.70
2017-01-19,49.60
2017-01-18,49.69
2017-01-17,49.52
2017-01-13,49.75
2017-01-12,49.61
2017-01-11,49.74
2017-01-10,49.66
2017-01-09,49.60
2017-01-06,49.37
2017-01-05,49.14
2017-01-04,49.17
2017-01-03,48.80
2016-12-30,48.75
2016-12-29,49.02
2016-12-28,48.98
2016-12-27,49.47
2016-12-23,49.12
2016-12-22,48.94
2016-12-21,49.21
2016-12-20,49.27
2016-12-19,48.99
2016-12-16,48.84
2016-12-15,48.99
2016-12-14,48.89
2016-12-13,48.86
2016-12-12,48.61
2016-12-09,48.87
2016-12-08,48.95
2016-12-07,48.74
2016-12-06,48.43
2016-12-05,48.21
2016-12-02,47.76
2016-12-01,47.65
2016-11-30,48.42
2016-11-29,48.54
2016-11-28,48.53
2016-11-25,48.78
2016-11-23,48.62
2016-11-22,48.55
2016-11-21,48.54
2016-11-18,48.36
2016-11-17,48.40
2016-11-16,48.12
2016-11-15,47.95
2016-11-14,47.60
2016-11-11,47.74
2016-11-10,47.02
2016-11-09,47.31
2016-11-08,47.11
2016-11-07,46.99
2016-11-04,46.26
2016-11-03,46.20
2016-11-02,46.33
2016-11-01,46.68
2016-10-31,47.00
2016-10-28,47.01
2016-10-27,47.03
2016-10-26,47.32
2016-10-25,47.54
2016-10-24,47.63
2016-10-21,47.37
2016-10-20,47.38
2016-10-19,47.27
2016-10-18,47.30
2016-10-17,47.02
2016-10-14,47.08
2016-10-13,47.05
2016-10-12,47.20
2016-10-11,47.29
2016-10-10,47.83
2016-10-07,47.66
2016-10-06,47.81
2016-10-05,47.85
2016-10-04,47.68
2016-10-03,47.79
2016-09-30,48.00
2016-09-29,47.73
2016-09-28,47.88
2016-09-27,47.74
2016-09-26,47.50
2016-09-23,47.66
2016-09-22,47.79
2016-09-21,47.57
2016-09-20,47.14
2016-09-19,47.16
2016-09-16,47.10
2016-09-15,47.23
2016-09-14,46.83
2016-09-13,46.76
2016-09-12,47.16
2016-09-09,46.76
2016-09-08,47.51
2016-09-07,47.54
2016-09-06,47.57
2016-09-02,47.49
2016-09-01,47.31
2016-08-31,47.43
2016-08-30,47.49
2016-08-29,47.56
2016-08-26,47.45
2016-08-25,47.40
2016-08-24,47.33
2016-08-23,47.60
2016-08-22,47.40
2016-08-19,47.35
2016-08-18,47.23
2016-08-17,47.08
2016-08-16,47.19
2016-08-15,47.41
2016-08-12,47.20
2016-08-11,47.09
2016-08-10,46.95
2016-08-09,47.21
2016-08-08,47.10
2016-08-05,47.13
2016-08-04,46.81
2016-08-03,46.67
2016-08-02,46.52
2016-08-01,46.85
2016-07-29,47.12
2016-07-28,47.02
2016-07-27,46.91
2016-07-26,46.93
2016-07-25,46.69
2016-07-22,46.60
2016-07-21,46.38
2016-07-20,46.63
2016-07-19,46.31
2016-07-18,46.41
2016-07-15,46.30
2016-07-14,46.26
2016-07-13,46.11
2016-07-12,46.13
2016-07-11,45.84
2016-07-08,45.58
2016-07-07,45.01
2016-07-06,44.84
2016-07-05,44.73
2016-07-01,44.94
2016-06-30,45.03
2016-06-29,44.73
2016-06-28,44.33
2016-06-27,43.89
2016-06-24,44.58
2016-06-23,45.65
2016-06-22,45.18
2016-06-21,45.29
2016-06-20,45.31
2016-06-17,45.02
2016-06-16,45.17
2016-06-15,45.14
2016-06-14,45.10
2016-06-13,45.14
2016-06-10,45.25
2016-06-09,45.63
2016-06-08,45.71
2016-06-07,45.65
2016-06-06,45.51
2016-06-03,45.34
2016-06-02,45.47
2016-06-01,45.34
2016-05-31,45.35
2016-05-27,45.24
2016-05-26,45.12
2016-05-25,45.10
2016-05-24,44.95
2016-05-23,44.57
2016-05-20,44.55
2016-05-19,44.25
2016-05-18,44.30
2016-05-17,44.19
2016-05-16,44.32
2016-05-13,44.00
2016-05-12,43.89
2016-05-11,44.04
2016-05-10,44.20
2016-05-09,43.93
2016-05-06,43.96
2016-05-05,43.84
2016-05-04,43.87
2016-05-03,44.30
2016-05-02,44.61
2016-04-29,44.46
2016-04-28,44.76
2016-04-27,45.08
2016-04-26,44.97
2016-04-25,44.83
2016-04-22,44.93
2016-04-21,44.84
2016-04-20,44.85
2016-04-19,44.67
2016-04-18,44.80
2016-04-15,44.64
2016-04-14,44.67
2016-04-13,44.72
2016-04-12,44.23
2016-04-11,44.14
2016-04-08,44.21
2016-04-07,44.16
2016-04-06,44.42
2016-04-05,44.02
2016-04-04,44.12
2016-04-01,44.16
2016-03-31,44.00
2016-03-30,43.95
2016-03-29,43.96
2016-03-28,43.62
2016-03-24,43.70
2016-03-23,43.66
2016-03-22,44.04
2016-03-21,43.99
2016-03-18,43.84
2016-03-17,43.60
2016-03-16,43.55
2016-03-15,43.36
2016-03-14,43.53
2016-03-11,43.54
2016-03-10,43.09
2016-03-09,43.08
2016-03-08,42.89
2016-03-07,43.28
2016-03-04,43.05
2016-03-03,42.92
2016-03-02,42.75
2016-03-01,42.55
2016-02-29,42.07
2016-02-26,42.20
2016-02-25,41.97
2016-02-24,41.68
2016-02-23,41.41
2016-02-22,41.66
2016-02-19,41.27
2016-02-18,41.21
2016-02-17,41.30
2016-02-16,40.77
2016-02-12,40.31
2016-02-11,40.09
2016-02-10,40.31
2016-02-09,40.30
2016-02-08,40.31
2016-02-05,41.05
2016-02-04,41.76
2016-02-03,41.54
2016-02-02,41.55
2016-02-01,42.14
2016-01-29,42.13
2016-01-28,41.70
2016-01-27,41.86
2016-01-26,42.25
2016-01-25,42.00
2016-01-22,42.33
2016-01-21,41.87
2016-01-20,41.81
2016-01-19,41.97
2016-01-15,42.20
2016-01-14,42.84
2016-01-13,42.61
2016-01-12,43.34
2016-01-11,43.12
2016-01-08,43.32
2016-01-07,43.63
2016-01-06,44.42
2016-01-05,44.82
2016-01-04,44.80
2015-12-31,45.29
2015-12-30,45.43
2015-12-29,45.63
2015-12-28,45.41
2015-12-24,45.49
2015-12-23,45.81
2015-12-22,45.67
2015-12-21,45.62
2015-12-18,45.53
2015-12-17,45.81
2015-12-16,46.09
2015-12-15,45.76
2015-12-14,45.38
2015-12-11,45.46
2015-12-10,45.97
2015-12-09,45.91
2015-12-08,46.22
2015-12-07,46.28
2015-12-04,46.62
2015-12-03,46.32
2015-12-02,46.74
2015-12-01,47.01
2015-11-30,46.70
2015-11-27,46.71
2015-11-25,46.64
2015-11-24,46.54
2015-11-23,46.46
2015-11-20,46.57
2015-11-19,46.44
2015-11-18,46.51
2015-11-17,46.19
2015-11-16,46.20
2015-11-13,46.09
2015-11-12,46.34
2015-11-11,46.88
2015-11-10,46.88
2015-11-09,47.00
2015-11-06,47.25
2015-11-05,47.25
2015-11-04,47.34
2015-11-03,47.21
2015-11-02,47.11
2015-10-30,46.80
2015-10-29,46.77
2015-10-28,47.09
2015-10-27,46.77
2015-10-26,46.86
2015-10-23,46.79
2015-10-22,46.45
2015-10-21,46.15
2015-10-20,46.47
2015-10-19,46.64
2015-10-16,46.49
2015-10-15,46.44
2015-10-14,46.02
2015-10-13,45.84
2015-10-12,46.03
2015-10-09,46.02
2015-10-08,46.00
2015-10-07,45.94
2015-10-06,45.67
2015-10-05,45.86
2015-10-02,45.49
2015-10-01,44.91
2015-09-30,45.03
2015-09-29,44.40
2015-09-28,44.50
2015-09-25,45.48
2015-09-24,45.76
2015-09-23,45.90
2015-09-22,46.04
2015-09-21,46.54
2015-09-18,46.65
2015-09-17,47.03
2015-09-16,47.03
2015-09-15,46.80
2015-09-14,46.48
2015-09-11,46.55
2015-09-10,46.37
2015-09-09,46.24
2015-09-08,46.52
2015-09-04,45.72
2015-09-03,46.06
2015-09-02,45.94
2015-09-01,45.43
2015-08-31,46.09
2015-08-28,46.19
2015-08-27,46.05
2015-08-26,45.28
2015-08-25,44.55
2015-08-24,44.67
2015-08-21,45.50
2015-08-20,46.06
2015-08-19,46.94
2015-08-18,47.27
2015-08-17,47.43
2015-08-14,47.11
2015-08-13,47.07
2015-08-12,47.14
2015-08-11,47.15
2015-08-10,47.57
2015-08-07,47.19
2015-08-06,47.33
2015-08-05,47.97
2015-08-04,47.74
2015-08-03,47.71
2015-07-31,47.93
2015-07-30,48.04
2015-07-29,48.00
2015-07-28,47.85
2015-07-27,47.43
2015-07-24,47.82
2015-07-23,48.24
2015-07-22,48.28
2015-07-21,48.46
2015-07-20,48.62
2015-07-17,48.71
2015-07-16,48.66
2015-07-15,48.55
2015-07-14,48.81
2015-07-13,48.48
2015-07-10,48.23
2015-07-09,47.88
2015-07-08,47.73
2015-07-07,48.31
2015-07-06,48.21
2015-07-02,48.41
2015-07-01,48.37
2015-06-30,48.46
2015-06-29,48.26
2015-06-26,49.00
2015-06-25,49.42
2015-06-24,49.46
2015-06-23,49.71
2015-06-22,49.68
2015-06-19,49.56
2015-06-18,49.67
2015-06-17,49.29
2015-06-16,49.19
2015-06-15,49.06
2015-06-12,49.19
2015-06-11,49.37
2015-06-10,49.23
2015-06-09,48.95
2015-06-08,49.12
2015-06-05,49.43
2015-06-04,49.24
2015-06-03,49.51
2015-06-02,49.50
